1,7or05vv5,3pnuzxqv,btfw9klk,oveybgbc,hl9ysaxj,ynur3ca1,5f25yqzf,pjeddlgs,75ytw7ez,gfam3jgy,vxpyony9,40n3g79a,cont592g,q356npb7,
2,7or05vv5,3pnuzxqv,oveybgbc,btfw9klk,hl9ysaxj,ynur3ca1,pjeddlgs,5f25yqzf,75ytw7ez,gfam3jgy,vxpyony9,40n3g79a,cont592g,q356npb7,
3,7or05vv5,3pnuzxqv,btfw9klk,oveybgbc,hl9ysaxj,ynur3ca1,pjeddlgs,5f25yqzf,75ytw7ez,gfam3jgy,vxpyony9,40n3g79a,cont592g,q356npb7,
4,7or05vv5,3pnuzxqv,btfw9klk,oveybgbc,hl9ysaxj,ynur3ca1,pjeddlgs,5f25yqzf,75ytw7ez,gfam3jgy,vxpyony9,40n3g79a,cont592g,q356npb7,
5,7or05vv5,btfw9klk,3pnuzxqv,oveybgbc,hl9ysaxj,ynur3ca1,pjeddlgs,5f25yqzf,75ytw7ez,gfam3jgy,vxpyony9,40n3g79a,cont592g,q356npb7,
6,7or05vv5,3pnuzxqv,btfw9klk,oveybgbc,hl9ysaxj,ynur3ca1,pjeddlgs,5f25yqzf,75ytw7ez,gfam3jgy,vxpyony9,40n3g79a,cont592g,q356npb7,
7,7or05vv5,3pnuzxqv,btfw9klk,oveybgbc,hl9ysaxj,ynur3ca1,pjeddlgs,5f25yqzf,75ytw7ez,gfam3jgy,vxpyony9,40n3g79a,cont592g,q356npb7,
8,7or05vv5,3pnuzxqv,btfw9klk,oveybgbc,hl9ysaxj,ynur3ca1,pjeddlgs,5f25yqzf,75ytw7ez,gfam3jgy,vxpyony9,40n3g79a,cont592g,q356npb7,
9,7or05vv5,3pnuzxqv,btfw9klk,oveybgbc,hl9ysaxj,ynur3ca1,pjeddlgs,5f25yqzf,75ytw7ez,gfam3jgy,vxpyony9,40n3g79a,cont592g,q356npb7,
10,7or05vv5,3pnuzxqv,oveybgbc,btfw9klk,hl9ysaxj,ynur3ca1,pjeddlgs,5f25yqzf,75ytw7ez,gfam3jgy,vxpyony9,40n3g79a,cont592g,q356npb7,
11,7or05vv5,3pnuzxqv,btfw9klk,oveybgbc,hl9ysaxj,ynur3ca1,pjeddlgs,5f25yqzf,75ytw7ez,gfam3jgy,vxpyony9,40n3g79a,cont592g,q356npb7,
12,7or05vv5,3pnuzxqv,btfw9klk,oveybgbc,hl9ysaxj,ynur3ca1,pjeddlgs,5f25yqzf,75ytw7ez,gfam3jgy,vxpyony9,40n3g79a,cont592g,q356npb7,
13,7or05vv5,3pnuzxqv,hl9ysaxj,btfw9klk,oveybgbc,ynur3ca1,pjeddlgs,5f25yqzf,75ytw7ez,gfam3jgy,vxpyony9,40n3g79a,cont592g,q356npb7,
14,7or05vv5,3pnuzxqv,btfw9klk,oveybgbc,hl9ysaxj,ynur3ca1,pjeddlgs,5f25yqzf,75ytw7ez,gfam3jgy,vxpyony9,40n3g79a,cont592g,q356npb7,
15,7or05vv5,3pnuzxqv,btfw9klk,oveybgbc,hl9ysaxj,ynur3ca1,pjeddlgs,5f25yqzf,75ytw7ez,gfam3jgy,vxpyony9,40n3g79a,cont592g,q356npb7,
16,7or05vv5,3pnuzxqv,btfw9klk,oveybgbc,hl9ysaxj,ynur3ca1,pjeddlgs,5f25yqzf,75ytw7ez,gfam3jgy,vxpyony9,40n3g79a,cont592g,q356npb7,
17,7or05vv5,3pnuzxqv,btfw9klk,oveybgbc,hl9ysaxj,ynur3ca1,pjeddlgs,5f25yqzf,75ytw7ez,gfam3jgy,vxpyony9,40n3g79a,cont592g,q356npb7,
18,7or05vv5,3pnuzxqv,btfw9klk,oveybgbc,hl9ysaxj,ynur3ca1,pjeddlgs,5f25yqzf,75ytw7ez,gfam3jgy,vxpyony9,40n3g79a,cont592g,q356npb7,
19,7or05vv5,3pnuzxqv,btfw9klk,oveybgbc,hl9ysaxj,ynur3ca1,pjeddlgs,5f25yqzf,75ytw7ez,gfam3jgy,vxpyony9,40n3g79a,cont592g,q356npb7,
20,7or05vv5,3pnuzxqv,btfw9klk,oveybgbc,hl9ysaxj,ynur3ca1,pjeddlgs,5f25yqzf,75ytw7ez,gfam3jgy,vxpyony9,40n3g79a,cont592g,q356npb7,
21,7or05vv5,3pnuzxqv,btfw9klk,oveybgbc,hl9ysaxj,ynur3ca1,pjeddlgs,5f25yqzf,75ytw7ez,gfam3jgy,vxpyony9,40n3g79a,cont592g,q356npb7,
22,7or05vv5,3pnuzxqv,oveybgbc,btfw9klk,hl9ysaxj,ynur3ca1,pjeddlgs,5f25yqzf,75ytw7ez,gfam3jgy,vxpyony9,40n3g79a,cont592g,q356npb7,
23,7or05vv5,3pnuzxqv,btfw9klk,oveybgbc,hl9ysaxj,ynur3ca1,pjeddlgs,5f25yqzf,75ytw7ez,gfam3jgy,vxpyony9,40n3g79a,cont592g,q356npb7,
24,7or05vv5,3pnuzxqv,btfw9klk,oveybgbc,hl9ysaxj,ynur3ca1,pjeddlgs,5f25yqzf,75ytw7ez,gfam3jgy,vxpyony9,40n3g79a,cont592g,q356npb7,
25,7or05vv5,3pnuzxqv,btfw9klk,oveybgbc,hl9ysaxj,ynur3ca1,pjeddlgs,5f25yqzf,75ytw7ez,gfam3jgy,vxpyony9,40n3g79a,cont592g,q356npb7,
26,7or05vv5,3pnuzxqv,btfw9klk,oveybgbc,hl9ysaxj,ynur3ca1,pjeddlgs,5f25yqzf,75ytw7ez,gfam3jgy,vxpyony9,40n3g79a,cont592g,q356npb7,
27,7or05vv5,3pnuzxqv,btfw9klk,oveybgbc,hl9ysaxj,ynur3ca1,pjeddlgs,5f25yqzf,75ytw7ez,gfam3jgy,vxpyony9,40n3g79a,cont592g,q356npb7,
28,7or05vv5,3pnuzxqv,btfw9klk,oveybgbc,hl9ysaxj,ynur3ca1,pjeddlgs,5f25yqzf,75ytw7ez,gfam3jgy,vxpyony9,40n3g79a,cont592g,q356npb7,
29,7or05vv5,3pnuzxqv,btfw9klk,oveybgbc,hl9ysaxj,ynur3ca1,pjeddlgs,5f25yqzf,75ytw7ez,gfam3jgy,vxpyony9,40n3g79a,cont592g,q356npb7,
30,7or05vv5,3pnuzxqv,btfw9klk,oveybgbc,hl9ysaxj,ynur3ca1,pjeddlgs,5f25yqzf,75ytw7ez,gfam3jgy,vxpyony9,40n3g79a,cont592g,q356npb7,
31,7or05vv5,3pnuzxqv,btfw9klk,ynur3ca1,oveybgbc,hl9ysaxj,pjeddlgs,5f25yqzf,75ytw7ez,gfam3jgy,vxpyony9,40n3g79a,cont592g,q356npb7,
32,7or05vv5,3pnuzxqv,btfw9klk,oveybgbc,hl9ysaxj,ynur3ca1,pjeddlgs,5f25yqzf,75ytw7ez,gfam3jgy,vxpyony9,40n3g79a,cont592g,q356npb7,
33,7or05vv5,3pnuzxqv,btfw9klk,oveybgbc,hl9ysaxj,ynur3ca1,pjeddlgs,5f25yqzf,75ytw7ez,gfam3jgy,vxpyony9,40n3g79a,cont592g,q356npb7,
34,7or05vv5,3pnuzxqv,btfw9klk,oveybgbc,hl9ysaxj,ynur3ca1,pjeddlgs,5f25yqzf,75ytw7ez,gfam3jgy,vxpyony9,40n3g79a,cont592g,q356npb7,
35,7or05vv5,3pnuzxqv,btfw9klk,oveybgbc,hl9ysaxj,ynur3ca1,pjeddlgs,5f25yqzf,75ytw7ez,gfam3jgy,vxpyony9,40n3g79a,cont592g,q356npb7,
