1,5f25yqzf,pjeddlgs,010vptx3,vxpyony9,btfw9klk,gfam3jgy,ynur3ca1,q356npb7,3pnuzxqv,75ytw7ez,40n3g79a,oveybgbc,7or05vv5,cont592g,hl9ysaxj
2,oveybgbc,gfam3jgy,vxpyony9,ynur3ca1,q356npb7,3pnuzxqv,75ytw7ez,pjeddlgs,5f25yqzf,40n3g79a,010vptx3,btfw9klk,7or05vv5,cont592g,hl9ysaxj
3,5f25yqzf,010vptx3,pjeddlgs,3pnuzxqv,vxpyony9,gfam3jgy,ynur3ca1,q356npb7,75ytw7ez,40n3g79a,btfw9klk,oveybgbc,7or05vv5,cont592g,hl9ysaxj
4,5f25yqzf,010vptx3,pjeddlgs,vxpyony9,gfam3jgy,ynur3ca1,q356npb7,3pnuzxqv,75ytw7ez,40n3g79a,btfw9klk,oveybgbc,7or05vv5,cont592g,hl9ysaxj
5,btfw9klk,010vptx3,3pnuzxqv,gfam3jgy,vxpyony9,ynur3ca1,q356npb7,75ytw7ez,pjeddlgs,5f25yqzf,40n3g79a,oveybgbc,7or05vv5,cont592g,hl9ysaxj
6,5f25yqzf,010vptx3,pjeddlgs,vxpyony9,gfam3jgy,ynur3ca1,q356npb7,3pnuzxqv,75ytw7ez,40n3g79a,btfw9klk,oveybgbc,7or05vv5,cont592g,hl9ysaxj
7,5f25yqzf,010vptx3,pjeddlgs,vxpyony9,gfam3jgy,ynur3ca1,q356npb7,3pnuzxqv,75ytw7ez,40n3g79a,btfw9klk,oveybgbc,7or05vv5,cont592g,hl9ysaxj
8,5f25yqzf,010vptx3,pjeddlgs,vxpyony9,gfam3jgy,ynur3ca1,q356npb7,3pnuzxqv,75ytw7ez,40n3g79a,btfw9klk,oveybgbc,7or05vv5,cont592g,hl9ysaxj
9,5f25yqzf,010vptx3,pjeddlgs,vxpyony9,gfam3jgy,ynur3ca1,q356npb7,3pnuzxqv,75ytw7ez,40n3g79a,btfw9klk,oveybgbc,7or05vv5,cont592g,hl9ysaxj
10,5f25yqzf,010vptx3,oveybgbc,pjeddlgs,hl9ysaxj,3pnuzxqv,vxpyony9,gfam3jgy,ynur3ca1,q356npb7,75ytw7ez,40n3g79a,btfw9klk,7or05vv5,cont592g
11,5f25yqzf,40n3g79a,010vptx3,q356npb7,pjeddlgs,vxpyony9,gfam3jgy,ynur3ca1,3pnuzxqv,75ytw7ez,btfw9klk,oveybgbc,7or05vv5,cont592g,hl9ysaxj
12,5f25yqzf,010vptx3,pjeddlgs,vxpyony9,gfam3jgy,ynur3ca1,q356npb7,3pnuzxqv,75ytw7ez,40n3g79a,btfw9klk,oveybgbc,7or05vv5,cont592g,hl9ysaxj
13,010vptx3,pjeddlgs,5f25yqzf,hl9ysaxj,vxpyony9,gfam3jgy,ynur3ca1,q356npb7,3pnuzxqv,75ytw7ez,40n3g79a,btfw9klk,oveybgbc,7or05vv5,cont592g
14,5f25yqzf,010vptx3,pjeddlgs,vxpyony9,gfam3jgy,ynur3ca1,q356npb7,3pnuzxqv,75ytw7ez,40n3g79a,btfw9klk,oveybgbc,7or05vv5,cont592g,hl9ysaxj
15,5f25yqzf,010vptx3,pjeddlgs,vxpyony9,gfam3jgy,ynur3ca1,q356npb7,3pnuzxqv,75ytw7ez,40n3g79a,btfw9klk,oveybgbc,7or05vv5,cont592g,hl9ysaxj
16,5f25yqzf,010vptx3,pjeddlgs,vxpyony9,gfam3jgy,ynur3ca1,q356npb7,3pnuzxqv,75ytw7ez,40n3g79a,btfw9klk,oveybgbc,7or05vv5,cont592g,hl9ysaxj
17,5f25yqzf,010vptx3,40n3g79a,gfam3jgy,pjeddlgs,vxpyony9,ynur3ca1,q356npb7,3pnuzxqv,75ytw7ez,btfw9klk,oveybgbc,7or05vv5,cont592g,hl9ysaxj
18,5f25yqzf,010vptx3,pjeddlgs,vxpyony9,gfam3jgy,ynur3ca1,q356npb7,3pnuzxqv,75ytw7ez,40n3g79a,btfw9klk,oveybgbc,7or05vv5,cont592g,hl9ysaxj
19,5f25yqzf,010vptx3,pjeddlgs,vxpyony9,gfam3jgy,ynur3ca1,q356npb7,3pnuzxqv,75ytw7ez,40n3g79a,btfw9klk,oveybgbc,7or05vv5,cont592g,hl9ysaxj
20,5f25yqzf,010vptx3,pjeddlgs,vxpyony9,gfam3jgy,ynur3ca1,q356npb7,3pnuzxqv,75ytw7ez,40n3g79a,btfw9klk,oveybgbc,7or05vv5,cont592g,hl9ysaxj
21,5f25yqzf,010vptx3,pjeddlgs,vxpyony9,gfam3jgy,ynur3ca1,q356npb7,3pnuzxqv,75ytw7ez,40n3g79a,btfw9klk,oveybgbc,7or05vv5,cont592g,hl9ysaxj
22,5f25yqzf,010vptx3,oveybgbc,pjeddlgs,hl9ysaxj,3pnuzxqv,vxpyony9,gfam3jgy,ynur3ca1,q356npb7,75ytw7ez,40n3g79a,btfw9klk,7or05vv5,cont592g
23,5f25yqzf,010vptx3,pjeddlgs,vxpyony9,gfam3jgy,ynur3ca1,q356npb7,3pnuzxqv,75ytw7ez,40n3g79a,btfw9klk,oveybgbc,7or05vv5,cont592g,hl9ysaxj
24,5f25yqzf,010vptx3,pjeddlgs,vxpyony9,gfam3jgy,ynur3ca1,q356npb7,3pnuzxqv,75ytw7ez,40n3g79a,btfw9klk,oveybgbc,7or05vv5,cont592g,hl9ysaxj
25,5f25yqzf,010vptx3,pjeddlgs,vxpyony9,gfam3jgy,ynur3ca1,q356npb7,3pnuzxqv,75ytw7ez,40n3g79a,btfw9klk,oveybgbc,7or05vv5,cont592g,hl9ysaxj
26,5f25yqzf,010vptx3,pjeddlgs,vxpyony9,gfam3jgy,ynur3ca1,q356npb7,3pnuzxqv,75ytw7ez,40n3g79a,btfw9klk,oveybgbc,7or05vv5,cont592g,hl9ysaxj
27,5f25yqzf,010vptx3,pjeddlgs,vxpyony9,gfam3jgy,ynur3ca1,q356npb7,3pnuzxqv,75ytw7ez,40n3g79a,btfw9klk,oveybgbc,7or05vv5,cont592g,hl9ysaxj
28,5f25yqzf,010vptx3,pjeddlgs,vxpyony9,gfam3jgy,ynur3ca1,q356npb7,3pnuzxqv,75ytw7ez,40n3g79a,btfw9klk,oveybgbc,7or05vv5,cont592g,hl9ysaxj
29,5f25yqzf,010vptx3,vxpyony9,pjeddlgs,gfam3jgy,ynur3ca1,q356npb7,3pnuzxqv,75ytw7ez,40n3g79a,btfw9klk,oveybgbc,7or05vv5,cont592g,hl9ysaxj
30,5f25yqzf,010vptx3,pjeddlgs,vxpyony9,gfam3jgy,ynur3ca1,q356npb7,3pnuzxqv,75ytw7ez,40n3g79a,btfw9klk,oveybgbc,7or05vv5,cont592g,hl9ysaxj
31,5f25yqzf,010vptx3,gfam3jgy,pjeddlgs,ynur3ca1,vxpyony9,q356npb7,3pnuzxqv,75ytw7ez,40n3g79a,btfw9klk,oveybgbc,7or05vv5,cont592g,hl9ysaxj
32,5f25yqzf,010vptx3,pjeddlgs,vxpyony9,gfam3jgy,ynur3ca1,q356npb7,3pnuzxqv,75ytw7ez,40n3g79a,btfw9klk,oveybgbc,7or05vv5,cont592g,hl9ysaxj
33,5f25yqzf,010vptx3,3pnuzxqv,pjeddlgs,vxpyony9,gfam3jgy,ynur3ca1,q356npb7,75ytw7ez,40n3g79a,btfw9klk,oveybgbc,7or05vv5,cont592g,hl9ysaxj
34,5f25yqzf,010vptx3,pjeddlgs,btfw9klk,vxpyony9,gfam3jgy,ynur3ca1,q356npb7,3pnuzxqv,75ytw7ez,40n3g79a,oveybgbc,7or05vv5,cont592g,hl9ysaxj
35,5f25yqzf,010vptx3,pjeddlgs,vxpyony9,gfam3jgy,ynur3ca1,q356npb7,3pnuzxqv,75ytw7ez,40n3g79a,btfw9klk,oveybgbc,7or05vv5,cont592g,hl9ysaxj
