1,d5no2uwt,h1fih7eb,x8jytnj6,z082ilk5,2i96hd5i,2vqxsuxz,lad31adx,9ryu9ady,s2rfcm5r,nzc47itk,pzom9v7n,8ceabd6e,a5x5ga60,wuvry51z,ri67g4ze,0bbzo9cp,qsh3nyw7,ycywtpzj,3qpq62ac,umcbulcw,xsfb721q,c3h145kv,2bdeohnj,a2kill55,nedsqmr0,y7giefdw,atna9nz1,fixgrdmj,jhwjh12k,0dlhpbm8,djjarc0f,069pelqj,135isvno,28zibl54,2w3bx6p8,4e1q0di3,6m71ubfz,71kbdfdr,6fmvfx6y,98zq1gok,9jqbdhej,b23301ac,f05lu9hr,gqjyusjw,h7ftu3ax,ilc06ext,m445ucpp,nsrm0axa,m41w2007,qvk6ps2g
2,d5no2uwt,h1fih7eb,x8jytnj6,z082ilk5,2i96hd5i,2vqxsuxz,lad31adx,9ryu9ady,nzc47itk,s2rfcm5r,pzom9v7n,8ceabd6e,a5x5ga60,wuvry51z,ri67g4ze,0bbzo9cp,qsh3nyw7,ycywtpzj,3qpq62ac,umcbulcw,xsfb721q,c3h145kv,2bdeohnj,a2kill55,nedsqmr0,y7giefdw,atna9nz1,fixgrdmj,jhwjh12k,0dlhpbm8,djjarc0f,069pelqj,135isvno,2w3bx6p8,28zibl54,4e1q0di3,6m71ubfz,6fmvfx6y,71kbdfdr,98zq1gok,9jqbdhej,gqjyusjw,b23301ac,f05lu9hr,h7ftu3ax,ilc06ext,m41w2007,m445ucpp,nsrm0axa,qvk6ps2g
3,d5no2uwt,h1fih7eb,x8jytnj6,z082ilk5,2i96hd5i,2vqxsuxz,lad31adx,9ryu9ady,pzom9v7n,s2rfcm5r,nzc47itk,8ceabd6e,a5x5ga60,wuvry51z,ri67g4ze,0bbzo9cp,qsh3nyw7,ycywtpzj,3qpq62ac,umcbulcw,xsfb721q,c3h145kv,2bdeohnj,a2kill55,nedsqmr0,y7giefdw,atna9nz1,fixgrdmj,jhwjh12k,0dlhpbm8,djjarc0f,069pelqj,135isvno,28zibl54,2w3bx6p8,4e1q0di3,6fmvfx6y,6m71ubfz,71kbdfdr,98zq1gok,9jqbdhej,b23301ac,h7ftu3ax,gqjyusjw,f05lu9hr,ilc06ext,m41w2007,m445ucpp,nsrm0axa,qvk6ps2g
4,d5no2uwt,h1fih7eb,x8jytnj6,z082ilk5,2i96hd5i,2vqxsuxz,lad31adx,9ryu9ady,nzc47itk,s2rfcm5r,pzom9v7n,8ceabd6e,a5x5ga60,wuvry51z,ri67g4ze,0bbzo9cp,qsh3nyw7,ycywtpzj,3qpq62ac,umcbulcw,xsfb721q,c3h145kv,2bdeohnj,a2kill55,nedsqmr0,y7giefdw,atna9nz1,fixgrdmj,jhwjh12k,0dlhpbm8,djjarc0f,069pelqj,135isvno,28zibl54,2w3bx6p8,4e1q0di3,6fmvfx6y,6m71ubfz,71kbdfdr,98zq1gok,9jqbdhej,f05lu9hr,b23301ac,gqjyusjw,h7ftu3ax,ilc06ext,m41w2007,m445ucpp,nsrm0axa,qvk6ps2g
5,d5no2uwt,h1fih7eb,x8jytnj6,z082ilk5,2i96hd5i,2vqxsuxz,lad31adx,9ryu9ady,s2rfcm5r,nzc47itk,pzom9v7n,8ceabd6e,a5x5ga60,wuvry51z,ri67g4ze,0bbzo9cp,qsh3nyw7,ycywtpzj,3qpq62ac,umcbulcw,xsfb721q,c3h145kv,2bdeohnj,a2kill55,nedsqmr0,y7giefdw,atna9nz1,fixgrdmj,jhwjh12k,0dlhpbm8,djjarc0f,069pelqj,135isvno,28zibl54,2w3bx6p8,4e1q0di3,6fmvfx6y,71kbdfdr,6m71ubfz,98zq1gok,9jqbdhej,b23301ac,gqjyusjw,f05lu9hr,h7ftu3ax,ilc06ext,m41w2007,m445ucpp,nsrm0axa,qvk6ps2g
6,d5no2uwt,h1fih7eb,x8jytnj6,z082ilk5,2i96hd5i,2vqxsuxz,lad31adx,9ryu9ady,s2rfcm5r,nzc47itk,pzom9v7n,8ceabd6e,a5x5ga60,wuvry51z,ri67g4ze,0bbzo9cp,qsh3nyw7,ycywtpzj,3qpq62ac,umcbulcw,xsfb721q,c3h145kv,2bdeohnj,a2kill55,nedsqmr0,y7giefdw,atna9nz1,fixgrdmj,jhwjh12k,0dlhpbm8,djjarc0f,069pelqj,135isvno,28zibl54,2w3bx6p8,4e1q0di3,6fmvfx6y,71kbdfdr,6m71ubfz,98zq1gok,9jqbdhej,b23301ac,f05lu9hr,gqjyusjw,h7ftu3ax,ilc06ext,m41w2007,m445ucpp,nsrm0axa,qvk6ps2g
7,d5no2uwt,h1fih7eb,x8jytnj6,z082ilk5,2i96hd5i,2vqxsuxz,lad31adx,9ryu9ady,nzc47itk,pzom9v7n,s2rfcm5r,8ceabd6e,a5x5ga60,wuvry51z,ri67g4ze,0bbzo9cp,qsh3nyw7,ycywtpzj,3qpq62ac,umcbulcw,xsfb721q,c3h145kv,2bdeohnj,a2kill55,nedsqmr0,y7giefdw,atna9nz1,fixgrdmj,jhwjh12k,0dlhpbm8,djjarc0f,135isvno,069pelqj,28zibl54,2w3bx6p8,4e1q0di3,6m71ubfz,6fmvfx6y,71kbdfdr,98zq1gok,9jqbdhej,gqjyusjw,b23301ac,f05lu9hr,h7ftu3ax,ilc06ext,m41w2007,m445ucpp,nsrm0axa,qvk6ps2g
8,d5no2uwt,h1fih7eb,x8jytnj6,z082ilk5,2i96hd5i,2vqxsuxz,lad31adx,9ryu9ady,nzc47itk,s2rfcm5r,pzom9v7n,8ceabd6e,a5x5ga60,wuvry51z,ri67g4ze,0bbzo9cp,qsh3nyw7,ycywtpzj,3qpq62ac,umcbulcw,xsfb721q,c3h145kv,2bdeohnj,a2kill55,nedsqmr0,y7giefdw,atna9nz1,fixgrdmj,jhwjh12k,0dlhpbm8,djjarc0f,069pelqj,135isvno,28zibl54,2w3bx6p8,4e1q0di3,6m71ubfz,6fmvfx6y,71kbdfdr,98zq1gok,9jqbdhej,b23301ac,f05lu9hr,gqjyusjw,h7ftu3ax,ilc06ext,m41w2007,m445ucpp,nsrm0axa,qvk6ps2g
9,d5no2uwt,h1fih7eb,x8jytnj6,z082ilk5,2i96hd5i,2vqxsuxz,lad31adx,9ryu9ady,nzc47itk,pzom9v7n,s2rfcm5r,8ceabd6e,a5x5ga60,wuvry51z,ri67g4ze,0bbzo9cp,qsh3nyw7,ycywtpzj,3qpq62ac,umcbulcw,xsfb721q,c3h145kv,2bdeohnj,a2kill55,nedsqmr0,y7giefdw,atna9nz1,fixgrdmj,jhwjh12k,0dlhpbm8,djjarc0f,069pelqj,135isvno,28zibl54,2w3bx6p8,4e1q0di3,6m71ubfz,6fmvfx6y,71kbdfdr,98zq1gok,9jqbdhej,f05lu9hr,b23301ac,h7ftu3ax,gqjyusjw,ilc06ext,m41w2007,m445ucpp,nsrm0axa,qvk6ps2g
10,d5no2uwt,h1fih7eb,x8jytnj6,z082ilk5,2i96hd5i,2vqxsuxz,lad31adx,9ryu9ady,nzc47itk,pzom9v7n,s2rfcm5r,8ceabd6e,a5x5ga60,wuvry51z,ri67g4ze,0bbzo9cp,qsh3nyw7,ycywtpzj,3qpq62ac,umcbulcw,xsfb721q,c3h145kv,2bdeohnj,a2kill55,nedsqmr0,y7giefdw,atna9nz1,fixgrdmj,jhwjh12k,0dlhpbm8,djjarc0f,135isvno,069pelqj,28zibl54,2w3bx6p8,4e1q0di3,6fmvfx6y,6m71ubfz,71kbdfdr,98zq1gok,9jqbdhej,gqjyusjw,b23301ac,h7ftu3ax,f05lu9hr,ilc06ext,m41w2007,m445ucpp,nsrm0axa,qvk6ps2g
11,d5no2uwt,h1fih7eb,x8jytnj6,z082ilk5,2i96hd5i,2vqxsuxz,lad31adx,9ryu9ady,pzom9v7n,nzc47itk,s2rfcm5r,8ceabd6e,a5x5ga60,wuvry51z,ri67g4ze,0bbzo9cp,qsh3nyw7,ycywtpzj,3qpq62ac,umcbulcw,xsfb721q,c3h145kv,2bdeohnj,a2kill55,nedsqmr0,y7giefdw,atna9nz1,fixgrdmj,jhwjh12k,0dlhpbm8,djjarc0f,069pelqj,135isvno,28zibl54,2w3bx6p8,4e1q0di3,6fmvfx6y,71kbdfdr,6m71ubfz,98zq1gok,9jqbdhej,b23301ac,f05lu9hr,gqjyusjw,h7ftu3ax,ilc06ext,m41w2007,m445ucpp,nsrm0axa,qvk6ps2g
12,d5no2uwt,h1fih7eb,x8jytnj6,z082ilk5,2i96hd5i,2vqxsuxz,lad31adx,9ryu9ady,nzc47itk,s2rfcm5r,pzom9v7n,8ceabd6e,a5x5ga60,wuvry51z,ri67g4ze,0bbzo9cp,qsh3nyw7,ycywtpzj,3qpq62ac,umcbulcw,xsfb721q,c3h145kv,2bdeohnj,a2kill55,nedsqmr0,y7giefdw,atna9nz1,fixgrdmj,jhwjh12k,0dlhpbm8,djjarc0f,135isvno,069pelqj,28zibl54,2w3bx6p8,4e1q0di3,6fmvfx6y,6m71ubfz,71kbdfdr,98zq1gok,9jqbdhej,f05lu9hr,gqjyusjw,b23301ac,h7ftu3ax,ilc06ext,m41w2007,m445ucpp,nsrm0axa,qvk6ps2g
13,d5no2uwt,h1fih7eb,x8jytnj6,z082ilk5,2i96hd5i,2vqxsuxz,lad31adx,9ryu9ady,pzom9v7n,nzc47itk,s2rfcm5r,8ceabd6e,a5x5ga60,wuvry51z,ri67g4ze,0bbzo9cp,qsh3nyw7,ycywtpzj,3qpq62ac,umcbulcw,xsfb721q,c3h145kv,2bdeohnj,a2kill55,nedsqmr0,y7giefdw,atna9nz1,fixgrdmj,jhwjh12k,0dlhpbm8,djjarc0f,069pelqj,135isvno,28zibl54,2w3bx6p8,6fmvfx6y,4e1q0di3,71kbdfdr,6m71ubfz,98zq1gok,9jqbdhej,f05lu9hr,b23301ac,gqjyusjw,h7ftu3ax,ilc06ext,m41w2007,m445ucpp,nsrm0axa,tx4acpgq
14,d5no2uwt,h1fih7eb,x8jytnj6,z082ilk5,2i96hd5i,2vqxsuxz,lad31adx,9ryu9ady,nzc47itk,pzom9v7n,s2rfcm5r,8ceabd6e,a5x5ga60,wuvry51z,ri67g4ze,0bbzo9cp,qsh3nyw7,ycywtpzj,3qpq62ac,umcbulcw,xsfb721q,c3h145kv,2bdeohnj,a2kill55,nedsqmr0,y7giefdw,atna9nz1,fixgrdmj,jhwjh12k,0dlhpbm8,djjarc0f,069pelqj,135isvno,2w3bx6p8,4e1q0di3,28zibl54,6fmvfx6y,71kbdfdr,6m71ubfz,98zq1gok,9jqbdhej,b23301ac,f05lu9hr,gqjyusjw,h7ftu3ax,ilc06ext,m41w2007,m445ucpp,nsrm0axa,tx4acpgq
15,d5no2uwt,h1fih7eb,x8jytnj6,z082ilk5,2i96hd5i,2vqxsuxz,lad31adx,9ryu9ady,nzc47itk,pzom9v7n,s2rfcm5r,8ceabd6e,a5x5ga60,wuvry51z,ri67g4ze,0bbzo9cp,qsh3nyw7,ycywtpzj,3qpq62ac,umcbulcw,xsfb721q,c3h145kv,2bdeohnj,a2kill55,nedsqmr0,y7giefdw,atna9nz1,fixgrdmj,jhwjh12k,0dlhpbm8,djjarc0f,135isvno,069pelqj,28zibl54,2w3bx6p8,4e1q0di3,6fmvfx6y,6m71ubfz,71kbdfdr,98zq1gok,9jqbdhej,b23301ac,f05lu9hr,gqjyusjw,h7ftu3ax,ilc06ext,m41w2007,m445ucpp,nsrm0axa,tx4acpgq
16,d5no2uwt,h1fih7eb,x8jytnj6,z082ilk5,2i96hd5i,2vqxsuxz,lad31adx,9ryu9ady,nzc47itk,pzom9v7n,s2rfcm5r,8ceabd6e,a5x5ga60,wuvry51z,ri67g4ze,0bbzo9cp,qsh3nyw7,ycywtpzj,3qpq62ac,umcbulcw,xsfb721q,c3h145kv,2bdeohnj,a2kill55,nedsqmr0,y7giefdw,atna9nz1,fixgrdmj,jhwjh12k,0dlhpbm8,djjarc0f,069pelqj,135isvno,28zibl54,2w3bx6p8,4e1q0di3,6fmvfx6y,6m71ubfz,71kbdfdr,98zq1gok,9jqbdhej,b23301ac,f05lu9hr,gqjyusjw,h7ftu3ax,ilc06ext,m41w2007,m445ucpp,nsrm0axa,qvk6ps2g
17,d5no2uwt,h1fih7eb,x8jytnj6,z082ilk5,2i96hd5i,2vqxsuxz,lad31adx,9ryu9ady,nzc47itk,pzom9v7n,s2rfcm5r,8ceabd6e,a5x5ga60,wuvry51z,ri67g4ze,0bbzo9cp,qsh3nyw7,ycywtpzj,3qpq62ac,umcbulcw,xsfb721q,c3h145kv,2bdeohnj,a2kill55,nedsqmr0,y7giefdw,atna9nz1,fixgrdmj,jhwjh12k,0dlhpbm8,djjarc0f,069pelqj,135isvno,28zibl54,2w3bx6p8,4e1q0di3,6fmvfx6y,6m71ubfz,71kbdfdr,98zq1gok,9jqbdhej,b23301ac,f05lu9hr,gqjyusjw,h7ftu3ax,ilc06ext,m41w2007,m445ucpp,nsrm0axa,qvk6ps2g
18,d5no2uwt,h1fih7eb,x8jytnj6,z082ilk5,2i96hd5i,2vqxsuxz,lad31adx,9ryu9ady,nzc47itk,pzom9v7n,s2rfcm5r,8ceabd6e,a5x5ga60,wuvry51z,ri67g4ze,0bbzo9cp,qsh3nyw7,ycywtpzj,3qpq62ac,umcbulcw,xsfb721q,c3h145kv,2bdeohnj,a2kill55,nedsqmr0,y7giefdw,atna9nz1,fixgrdmj,jhwjh12k,0dlhpbm8,djjarc0f,069pelqj,135isvno,28zibl54,2w3bx6p8,6fmvfx6y,4e1q0di3,6m71ubfz,71kbdfdr,98zq1gok,9jqbdhej,b23301ac,f05lu9hr,gqjyusjw,h7ftu3ax,ilc06ext,m41w2007,m445ucpp,nsrm0axa,qvk6ps2g
19,d5no2uwt,h1fih7eb,x8jytnj6,z082ilk5,2i96hd5i,2vqxsuxz,lad31adx,9ryu9ady,nzc47itk,pzom9v7n,s2rfcm5r,8ceabd6e,a5x5ga60,wuvry51z,ri67g4ze,0bbzo9cp,qsh3nyw7,ycywtpzj,3qpq62ac,umcbulcw,xsfb721q,c3h145kv,2bdeohnj,a2kill55,nedsqmr0,y7giefdw,atna9nz1,fixgrdmj,jhwjh12k,0dlhpbm8,djjarc0f,069pelqj,135isvno,28zibl54,2w3bx6p8,4e1q0di3,6fmvfx6y,6m71ubfz,71kbdfdr,98zq1gok,9jqbdhej,f05lu9hr,b23301ac,h7ftu3ax,gqjyusjw,ilc06ext,m41w2007,m445ucpp,nsrm0axa,qvk6ps2g
20,d5no2uwt,h1fih7eb,x8jytnj6,z082ilk5,2i96hd5i,2vqxsuxz,lad31adx,9ryu9ady,s2rfcm5r,pzom9v7n,nzc47itk,8ceabd6e,a5x5ga60,wuvry51z,ri67g4ze,0bbzo9cp,qsh3nyw7,ycywtpzj,3qpq62ac,umcbulcw,xsfb721q,c3h145kv,2bdeohnj,a2kill55,nedsqmr0,y7giefdw,atna9nz1,fixgrdmj,jhwjh12k,0dlhpbm8,djjarc0f,069pelqj,135isvno,28zibl54,2w3bx6p8,4e1q0di3,6fmvfx6y,6m71ubfz,71kbdfdr,98zq1gok,9jqbdhej,b23301ac,f05lu9hr,gqjyusjw,h7ftu3ax,ilc06ext,m41w2007,m445ucpp,nsrm0axa,qvk6ps2g
21,d5no2uwt,h1fih7eb,x8jytnj6,z082ilk5,2i96hd5i,2vqxsuxz,lad31adx,9ryu9ady,nzc47itk,s2rfcm5r,pzom9v7n,8ceabd6e,a5x5ga60,wuvry51z,ri67g4ze,0bbzo9cp,qsh3nyw7,ycywtpzj,3qpq62ac,umcbulcw,xsfb721q,c3h145kv,2bdeohnj,a2kill55,nedsqmr0,y7giefdw,atna9nz1,fixgrdmj,jhwjh12k,0dlhpbm8,djjarc0f,069pelqj,135isvno,28zibl54,2w3bx6p8,4e1q0di3,6m71ubfz,6fmvfx6y,71kbdfdr,98zq1gok,9jqbdhej,b23301ac,f05lu9hr,h7ftu3ax,gqjyusjw,ilc06ext,m41w2007,m445ucpp,nsrm0axa,qvk6ps2g
22,d5no2uwt,h1fih7eb,x8jytnj6,z082ilk5,2i96hd5i,2vqxsuxz,lad31adx,9ryu9ady,nzc47itk,pzom9v7n,s2rfcm5r,8ceabd6e,a5x5ga60,wuvry51z,ri67g4ze,0bbzo9cp,qsh3nyw7,ycywtpzj,3qpq62ac,umcbulcw,xsfb721q,c3h145kv,2bdeohnj,a2kill55,nedsqmr0,y7giefdw,atna9nz1,fixgrdmj,jhwjh12k,0dlhpbm8,djjarc0f,069pelqj,135isvno,28zibl54,2w3bx6p8,4e1q0di3,6fmvfx6y,6m71ubfz,98zq1gok,71kbdfdr,9jqbdhej,b23301ac,f05lu9hr,h7ftu3ax,gqjyusjw,ilc06ext,m41w2007,nsrm0axa,m445ucpp,qvk6ps2g
23,d5no2uwt,h1fih7eb,x8jytnj6,z082ilk5,2i96hd5i,2vqxsuxz,lad31adx,9ryu9ady,nzc47itk,pzom9v7n,s2rfcm5r,8ceabd6e,a5x5ga60,wuvry51z,ri67g4ze,0bbzo9cp,qsh3nyw7,ycywtpzj,3qpq62ac,umcbulcw,xsfb721q,c3h145kv,2bdeohnj,a2kill55,nedsqmr0,y7giefdw,atna9nz1,fixgrdmj,jhwjh12k,0dlhpbm8,djjarc0f,135isvno,069pelqj,28zibl54,2w3bx6p8,4e1q0di3,6m71ubfz,6fmvfx6y,71kbdfdr,98zq1gok,9jqbdhej,b23301ac,f05lu9hr,gqjyusjw,h7ftu3ax,ilc06ext,m41w2007,m445ucpp,nsrm0axa,qvk6ps2g
24,d5no2uwt,h1fih7eb,x8jytnj6,z082ilk5,2i96hd5i,2vqxsuxz,lad31adx,9ryu9ady,nzc47itk,pzom9v7n,s2rfcm5r,8ceabd6e,a5x5ga60,wuvry51z,ri67g4ze,0bbzo9cp,qsh3nyw7,ycywtpzj,3qpq62ac,umcbulcw,xsfb721q,c3h145kv,2bdeohnj,a2kill55,nedsqmr0,y7giefdw,atna9nz1,fixgrdmj,jhwjh12k,0dlhpbm8,djjarc0f,069pelqj,135isvno,28zibl54,2w3bx6p8,4e1q0di3,6fmvfx6y,6m71ubfz,71kbdfdr,98zq1gok,9jqbdhej,b23301ac,f05lu9hr,gqjyusjw,h7ftu3ax,ilc06ext,m41w2007,m445ucpp,nsrm0axa,qvk6ps2g
25,d5no2uwt,h1fih7eb,x8jytnj6,z082ilk5,2i96hd5i,2vqxsuxz,lad31adx,9ryu9ady,nzc47itk,pzom9v7n,s2rfcm5r,8ceabd6e,a5x5ga60,wuvry51z,ri67g4ze,0bbzo9cp,qsh3nyw7,ycywtpzj,3qpq62ac,umcbulcw,xsfb721q,c3h145kv,2bdeohnj,a2kill55,nedsqmr0,y7giefdw,atna9nz1,fixgrdmj,jhwjh12k,0dlhpbm8,djjarc0f,069pelqj,135isvno,4e1q0di3,2w3bx6p8,28zibl54,6fmvfx6y,6m71ubfz,71kbdfdr,9jqbdhej,98zq1gok,b23301ac,f05lu9hr,gqjyusjw,h7ftu3ax,ilc06ext,m41w2007,m445ucpp,nsrm0axa,qvk6ps2g
26,d5no2uwt,h1fih7eb,x8jytnj6,z082ilk5,2i96hd5i,2vqxsuxz,lad31adx,9ryu9ady,pzom9v7n,nzc47itk,s2rfcm5r,8ceabd6e,a5x5ga60,wuvry51z,ri67g4ze,0bbzo9cp,qsh3nyw7,ycywtpzj,3qpq62ac,umcbulcw,xsfb721q,c3h145kv,2bdeohnj,a2kill55,nedsqmr0,y7giefdw,atna9nz1,fixgrdmj,jhwjh12k,0dlhpbm8,djjarc0f,069pelqj,135isvno,28zibl54,4e1q0di3,2w3bx6p8,6fmvfx6y,6m71ubfz,71kbdfdr,98zq1gok,9jqbdhej,b23301ac,f05lu9hr,gqjyusjw,h7ftu3ax,ilc06ext,m445ucpp,m41w2007,nsrm0axa,qvk6ps2g
27,d5no2uwt,h1fih7eb,x8jytnj6,z082ilk5,2i96hd5i,2vqxsuxz,lad31adx,9ryu9ady,s2rfcm5r,nzc47itk,pzom9v7n,8ceabd6e,a5x5ga60,wuvry51z,ri67g4ze,0bbzo9cp,qsh3nyw7,ycywtpzj,3qpq62ac,umcbulcw,xsfb721q,c3h145kv,2bdeohnj,a2kill55,nedsqmr0,y7giefdw,atna9nz1,fixgrdmj,jhwjh12k,0dlhpbm8,djjarc0f,069pelqj,135isvno,2w3bx6p8,28zibl54,4e1q0di3,6fmvfx6y,6m71ubfz,71kbdfdr,98zq1gok,9jqbdhej,b23301ac,f05lu9hr,gqjyusjw,h7ftu3ax,ilc06ext,m41w2007,m445ucpp,nsrm0axa,qvk6ps2g
28,d5no2uwt,h1fih7eb,x8jytnj6,z082ilk5,2i96hd5i,2vqxsuxz,lad31adx,9ryu9ady,s2rfcm5r,nzc47itk,pzom9v7n,8ceabd6e,a5x5ga60,wuvry51z,ri67g4ze,0bbzo9cp,qsh3nyw7,ycywtpzj,3qpq62ac,umcbulcw,xsfb721q,c3h145kv,2bdeohnj,a2kill55,nedsqmr0,y7giefdw,atna9nz1,fixgrdmj,jhwjh12k,0dlhpbm8,djjarc0f,069pelqj,135isvno,2w3bx6p8,28zibl54,4e1q0di3,6fmvfx6y,6m71ubfz,71kbdfdr,98zq1gok,9jqbdhej,b23301ac,f05lu9hr,gqjyusjw,ilc06ext,h7ftu3ax,m445ucpp,m41w2007,nsrm0axa,qvk6ps2g
29,d5no2uwt,h1fih7eb,x8jytnj6,z082ilk5,2i96hd5i,2vqxsuxz,lad31adx,9ryu9ady,nzc47itk,pzom9v7n,s2rfcm5r,8ceabd6e,a5x5ga60,wuvry51z,ri67g4ze,0bbzo9cp,qsh3nyw7,ycywtpzj,3qpq62ac,umcbulcw,xsfb721q,c3h145kv,2bdeohnj,a2kill55,nedsqmr0,y7giefdw,atna9nz1,fixgrdmj,jhwjh12k,0dlhpbm8,djjarc0f,069pelqj,135isvno,28zibl54,2w3bx6p8,4e1q0di3,6m71ubfz,71kbdfdr,6fmvfx6y,98zq1gok,9jqbdhej,b23301ac,f05lu9hr,gqjyusjw,h7ftu3ax,ilc06ext,m445ucpp,m41w2007,nsrm0axa,qvk6ps2g
30,d5no2uwt,h1fih7eb,x8jytnj6,z082ilk5,2i96hd5i,2vqxsuxz,lad31adx,9ryu9ady,nzc47itk,pzom9v7n,s2rfcm5r,8ceabd6e,a5x5ga60,wuvry51z,ri67g4ze,0bbzo9cp,qsh3nyw7,ycywtpzj,3qpq62ac,umcbulcw,xsfb721q,c3h145kv,2bdeohnj,a2kill55,nedsqmr0,y7giefdw,atna9nz1,fixgrdmj,jhwjh12k,0dlhpbm8,djjarc0f,135isvno,069pelqj,28zibl54,2w3bx6p8,4e1q0di3,6m71ubfz,6fmvfx6y,71kbdfdr,98zq1gok,9jqbdhej,f05lu9hr,b23301ac,gqjyusjw,h7ftu3ax,ilc06ext,m445ucpp,m41w2007,nsrm0axa,qvk6ps2g
31,d5no2uwt,h1fih7eb,x8jytnj6,z082ilk5,2i96hd5i,2vqxsuxz,lad31adx,9ryu9ady,pzom9v7n,nzc47itk,s2rfcm5r,8ceabd6e,a5x5ga60,wuvry51z,ri67g4ze,0bbzo9cp,qsh3nyw7,ycywtpzj,3qpq62ac,umcbulcw,xsfb721q,c3h145kv,2bdeohnj,a2kill55,nedsqmr0,y7giefdw,atna9nz1,fixgrdmj,jhwjh12k,0dlhpbm8,djjarc0f,069pelqj,135isvno,28zibl54,2w3bx6p8,4e1q0di3,6fmvfx6y,6m71ubfz,71kbdfdr,98zq1gok,9jqbdhej,b23301ac,f05lu9hr,gqjyusjw,h7ftu3ax,ilc06ext,m41w2007,m445ucpp,nsrm0axa,qvk6ps2g
32,d5no2uwt,h1fih7eb,x8jytnj6,z082ilk5,2i96hd5i,2vqxsuxz,lad31adx,9ryu9ady,nzc47itk,s2rfcm5r,pzom9v7n,8ceabd6e,a5x5ga60,wuvry51z,ri67g4ze,0bbzo9cp,qsh3nyw7,ycywtpzj,3qpq62ac,umcbulcw,xsfb721q,c3h145kv,2bdeohnj,a2kill55,nedsqmr0,y7giefdw,atna9nz1,fixgrdmj,jhwjh12k,0dlhpbm8,djjarc0f,069pelqj,135isvno,28zibl54,2w3bx6p8,4e1q0di3,6fmvfx6y,6m71ubfz,71kbdfdr,9jqbdhej,98zq1gok,b23301ac,f05lu9hr,gqjyusjw,h7ftu3ax,ilc06ext,m41w2007,m445ucpp,nsrm0axa,qvk6ps2g
33,d5no2uwt,h1fih7eb,x8jytnj6,z082ilk5,2i96hd5i,2vqxsuxz,lad31adx,9ryu9ady,nzc47itk,s2rfcm5r,pzom9v7n,8ceabd6e,a5x5ga60,wuvry51z,ri67g4ze,0bbzo9cp,qsh3nyw7,ycywtpzj,3qpq62ac,umcbulcw,xsfb721q,c3h145kv,2bdeohnj,a2kill55,nedsqmr0,y7giefdw,atna9nz1,fixgrdmj,jhwjh12k,0dlhpbm8,djjarc0f,069pelqj,135isvno,28zibl54,4e1q0di3,2w3bx6p8,6fmvfx6y,6m71ubfz,71kbdfdr,98zq1gok,9jqbdhej,b23301ac,f05lu9hr,gqjyusjw,h7ftu3ax,ilc06ext,m41w2007,m445ucpp,nsrm0axa,qvk6ps2g
34,d5no2uwt,h1fih7eb,x8jytnj6,z082ilk5,2i96hd5i,2vqxsuxz,lad31adx,9ryu9ady,nzc47itk,pzom9v7n,s2rfcm5r,8ceabd6e,a5x5ga60,wuvry51z,ri67g4ze,0bbzo9cp,qsh3nyw7,ycywtpzj,3qpq62ac,umcbulcw,xsfb721q,c3h145kv,2bdeohnj,a2kill55,nedsqmr0,y7giefdw,atna9nz1,fixgrdmj,jhwjh12k,0dlhpbm8,djjarc0f,069pelqj,135isvno,28zibl54,4e1q0di3,2w3bx6p8,6m71ubfz,6fmvfx6y,71kbdfdr,98zq1gok,9jqbdhej,f05lu9hr,b23301ac,gqjyusjw,h7ftu3ax,ilc06ext,m41w2007,nsrm0axa,m445ucpp,qvk6ps2g
35,d5no2uwt,h1fih7eb,x8jytnj6,z082ilk5,2i96hd5i,2vqxsuxz,lad31adx,9ryu9ady,s2rfcm5r,pzom9v7n,nzc47itk,8ceabd6e,a5x5ga60,wuvry51z,ri67g4ze,0bbzo9cp,qsh3nyw7,ycywtpzj,3qpq62ac,umcbulcw,xsfb721q,c3h145kv,2bdeohnj,a2kill55,nedsqmr0,y7giefdw,atna9nz1,fixgrdmj,jhwjh12k,0dlhpbm8,djjarc0f,069pelqj,135isvno,28zibl54,2w3bx6p8,4e1q0di3,6fmvfx6y,6m71ubfz,98zq1gok,9jqbdhej,71kbdfdr,b23301ac,f05lu9hr,gqjyusjw,h7ftu3ax,ilc06ext,m41w2007,m445ucpp,nsrm0axa,qvk6ps2g
